{"cameraMode":{"drawMode":0,"name":"Shaded","section":"Shading Mode"},"sceneLighting":true,"audioPlay":false,"sceneViewState":{"m_AlwaysRefresh":false,"showFog":true,"showSkybox":true,"showFlares":true,"showImageEffects":true,"showParticleSystems":true,"showVisualEffectGraphs":true,"m_FxEnabled":true},"in2DMode":false,"pivot":{"x":4.580928325653076,"y":-7.391901016235352,"z":-1.7939074039459229},"rotation":{"x":-0.019795164465904237,"y":0.03658171370625496,"z":-0.0007247291505336762,"w":-0.9991334080696106},"size":0.4341270923614502,"orthographic":false}